{
  "num_classes": 59,
  "img_size": 224,
  "best_val_acc": 0.952489837398374,
  "test_acc": 0.9522357723577236,
  "backbone": "swin_tiny_patch4_window7_224"
}